POPNUM12,NUMIND12,STAGE01,STAGE02,STAGE03,STAGE04,STAGE05,STAGE06,STAGE07,STAGE08,STAGE09,STAGE010,STAGE011,STAGE012
209,67,j,j,j,j,m,,,,,,,
209,68,a,a,a,a,a,a,a,a,a,a,a,
209,69,a,a,a,a,a,a,a,a,a,a,a,j
209,70,a,a,a,a,a,a,a,a,a,a,a,j
209,71,j,a,a,a,a,a,a,a,a,a,a,j
209,72,a,a,a,a,a,m,,,,,,
209,74,j,a,a,a,m,,,,,,,
209,231,a,a,a,a,a,m,,,,,,
209,232,j,j,j,j,j,j,j,j,j,j,j,j
209,233,j,j,j,j,j,j,j,j,j,j,m,
209,250,p,a,a,a,a,a,a,a,a,a,a,
209,328,a,a,a,a,a,a,a,a,a,a,a,
209,502,,,,,j,m,,,,,,
209,503,,,,,j,a,a,a,a,a,a,j
209,611,,,,,,p,j,j,j,j,j,j
209,654,,,,,,,,,a,m,,
209,655,,,,,,,,,j,m,,
209,657,,,,,,,,,j,j,j,m
209,800,,,,,,,,,,j,j,j
209,801,,,,,,,,,,j,j,j
209,802,,,,,,,,,,j,j,j
209,803,,,,,,,,,,j,j,j
209,804,,,,,,,,,,j,j,m
209,805,,,,,,,,,,j,j,j
209,806,,,,,,,,,,j,j,
209,807,,,,,,,,,,j,j,j
209,808,,,,,,,,,,j,j,
209,809,,,,,,,,,,a,a,m
209,810,,,,,,,,,,j,j,
209,811,,,,,,,,,,j,j,
209,812,,,,,,,,,,a,a,j
209,813,,,,,,,,,,a,a,j
209,814,,,,,,,,,,j,j,j
209,815,,,,,,,,,,j,m,
209,816,,,,,,,,,,p,m,
209,817,,,,,,,,,,j,j,j
209,818,,,,,,,,,,j,j,j
209,819,,,,,,,,,,j,j,j
209,978,,,,,,,,,,,p,m
209,979,,,,,,,,,,,j,m
209,980,,,,,,,,,,,j,
209,981,,,,,,,,,,,j,m
209,982,,,,,,,,,,,j,
209,983,,,,,,,,,,,j,j
209,984,,,,,,,,,,,p,m
209,1100,,,,,,,,,,,,j
209,1101,,,,,,,,,,,,j
209,1102,,,,,,,,,,,,j
209,1103,,,,,,,,,,,,p
209,1104,,,,,,,,,,,,j
209,1105,,,,,,,,,,,,j
209,1106,,,,,,,,,,,,j
229,89,a,a,a,a,a,a,a,a,a,a,a,j
229,90,a,a,a,a,a,a,a,a,a,a,a,j
229,91,a,a,a,a,a,a,a,a,a,a,a,j
229,92,a,a,a,a,a,a,,a,a,a,a,m
229,93,a,a,a,a,a,a,a,a,a,a,a,a
229,94,j,p,j,j,j,j,j,j,j,m,,
229,95,j,p,p,p,p,p,j,m,,,,
229,96,j,p,p,p,a,m,,,,,,
229,97,a,a,a,a,a,m,,,,,,
229,98,j,a,a,a,a,a,a,a,a,a,a,a
229,332,a,a,a,a,a,a,a,a,a,a,a,a
229,333,a,a,a,a,a,a,a,a,a,a,m,
229,334,a,a,a,a,a,m,,,,,,
229,335,a,a,a,a,a,m,,,,,,
229,336,j,p,m,,,,,,,,,
229,337,j,j,j,a,a,m,,,,,,
229,338,a,a,a,a,a,m,,,,,,
229,339,a,a,a,a,a,m,,,,,,
229,340,a,a,a,a,a,m,,,,,,
229,341,a,a,a,a,a,a,a,a,a,a,a,a
229,342,a,a,a,a,a,m,,,,,,
229,343,a,a,a,a,a,a,a,a,a,m,,
229,344,a,m,,,,,,,,,,
229,345,a,a,a,a,a,m,,,,,,
229,346,a,a,a,a,m,,,,,,,
229,347,a,a,a,a,a,m,,,,,,
229,348,a,a,a,a,a,a,a,a,m,,,
229,349,a,a,a,a,a,m,,,,,,
229,350,a,a,a,a,a,a,a,a,a,m,,
229,351,a,a,a,a,a,a,a,a,a,a,a,a
229,352,a,a,a,a,a,a,a,a,m,,,
229,354,a,a,a,a,a,a,a,a,a,a,a,a
229,355,j,j,j,j,j,m,,,,,,
229,356,,,,,,,,j,j,m,,j
229,357,j,j,j,a,a,a,a,a,a,m,,
229,358,,j,a,a,a,a,a,a,a,a,a,j
229,368,,j,j,j,a,a,a,a,a,a,a,m
229,369,,p,p,p,p,m,,,,,,
229,387,,,,,,,,,j,m,,
229,506,,,,,p,p,p,j,j,m,,
229,656,,,,,,,,,j,j,j,j
229,667,,,,,,,,,j,j,j,m
229,668,,,,,,,,,p,j,j,a
229,669,,,,,,,,,j,j,j,j
229,670,,,,,,,,,j,j,m,
229,671,,,,,,,,,j,j,j,j
229,672,,,,,,,,,p,p,p,j
229,673,,,,,,,,,j,j,j,m
229,674,,,,,,,,,j,j,j,j
229,675,,,,,,,,,j,j,m,
229,822,,,,,,,,,,j,j,j
229,823,,,,,,,,,,j,j,
229,824,,,,,,,,,,j,j,
229,825,,,,,,,,,,j,j,m
229,1111,,,,,,,,,,,,j
229,1112,,,,,,,,,,,,j
229,1113,,,,,,,,,,,,j
231,122,p,a,a,a,a,a,a,a,a,a,a,a
231,123,a,a,a,a,a,a,a,a,a,a,a,a
231,124,a,a,a,a,a,a,a,a,a,a,m,
231,125,a,a,a,a,a,a,a,a,a,a,m,
231,126,a,a,a,a,a,a,a,a,a,a,m,
231,127,a,a,a,a,a,a,a,a,a,a,a,a
231,128,a,a,a,a,a,a,a,a,a,a,m,
231,129,a,a,a,a,a,a,a,a,a,a,m,
231,130,a,a,a,a,a,m,,,,,,
231,131,a,a,a,a,a,a,a,a,a,a,a,j
231,132,a,a,m,,,,,,,,,
231,133,a,m,,,,,,,,,,
231,235,,j,j,j,j,j,j,j,a,a,a,
231,236,,j,a,a,a,a,a,a,a,a,a,a
231,237,,j,j,j,a,a,a,a,a,a,m,
231,238,,,p,j,j,j,j,j,a,a,,
231,240,,j,j,j,a,m,,,,,,
231,241,,j,j,j,a,a,a,a,a,a,a,a
231,242,,j,j,j,a,a,a,a,a,a,a,a
231,243,,p,p,m,,,,,,,,
231,243,,p,p,p,p,j,j,a,a,m,,
231,244,,p,p,m,,,,,,,,
231,246,,p,m,,,,,,,,,
231,381,,,,,,,,,,,j,
231,383,,,,p,p,p,p,j,m,,,
231,384,,,a,a,a,a,a,a,a,a,a,a
231,385,,,j,j,j,j,j,a,a,a,a,a
231,386,,,j,j,j,m,,,,,,
231,387,,,a,a,a,m,,,,,,
231,401,,,,j,j,j,a,a,a,a,m,
231,427,a,a,a,a,a,m,,,,,,
231,428,a,a,a,a,a,a,a,a,a,a,,
231,429,a,a,a,a,a,a,a,a,a,m,,
231,430,a,a,a,a,a,a,a,a,a,a,m,
231,435,a,a,m,,,,,,,,,
231,436,j,m,,,,,,,,,,
231,437,j,m,,,,,,,,,,
231,514,,,,,p,j,j,j,j,j,j,j
231,515,,,,,p,j,j,m,,,,
231,516,,,,,p,j,j,m,,,,
231,517,,,,,p,p,m,,,,,
231,518,,,,,p,p,p,m,,,,
231,519,,,,,p,p,p,m,,,,
231,520,,,,,p,p,p,m,,,,
231,521,,,,,p,j,a,m,,,,
231,522,,,,,p,p,p,j,j,j,m,
231,523,,,,,p,p,p,j,a,a,m,
231,524,,,,,,j,j,j,m,,,
231,525,,,,,,p,p,j,j,a,,
231,526,,,,,,p,p,p,j,j,j,j
231,527,,,,,,p,m,,,,,
231,528,,,,,,j,j,m,,,,
231,529,,,,,,j,j,m,,,,
231,530,,,,,p,j,j,m,,,,
231,531,,,,,p,j,j,m,,,,
231,532,,,,,p,j,j,m,,,,
231,533,,,,,p,a,a,a,a,m,,
231,534,,,,,p,p,j,j,a,a,a,a
231,535,,,,,p,m,,,,,,
231,536,,,,,p,j,j,j,j,m,,
231,699,,,,,,,,,a,a,a,a
231,700,,,,,,,,,j,m,,
231,701,,,,,,,,,a,a,m,
231,702,,,,,,,,,a,a,a,a
231,703,,,,,,,,,a,a,m,
231,704,,,,,,,,,a,a,m,
231,705,,,,,,,,,a,a,m,
231,706,,,,,,,,,a,a,m,
231,708,,,,,,,,,j,j,j,j
231,709,,,,,,,,,a,a,a,a
231,710,,,,,,,,,j,j,m,
231,711,,,,,,,,,j,m,,
231,712,,,,,,,,,j,j,m,
231,713,,,,,,,,,p,p,m,
231,714,,,,,,,,,a,a,m,
231,715,,,,,,,,,j,j,j,j
231,716,,,,,,,,,j,j,j,m
231,717,,,,,,,,,j,j,m,
231,718,,,,,,,,,j,j,j,j
231,719,,,,,,,,,j,j,m,
231,720,,,,,,,,,j,j,m,
231,721,,,,,,,,,j,j,m,
231,722,,,,,,,,,j,j,m,
231,724,,,,,,,,,j,m,,
231,725,,,,,,,,,j,m,,
231,978,,,,,,,,,,,a,a
231,979,,,,,,,,,,,j,j
231,980,,,,,,,,,,,j,j
231,981,,,,,,,,,,,a,a
231,982,,,,,,,,,,,j,j
231,983,,,,,,,,,,,j,j
231,984,,,,,,,,,,,a,a
231,985,,,,,,,,,,,a,a
231,986,,,,,,,,,,,j,j
231,987,,,,,,,,,,,j,a
231,1116,,,,,,,,,,,,j
231,1117,,,,,,,,,,,,p
231,1118,,,,,,,,,,,,j
231,1119,,,,,,,,,,,,j
231,1120,,,,,,,,,,,,j
231,1121,,,,,,,,,,,,j
231,1127,,,,,,,,,,,,a
231,1128,,,,,,,,,,,,j
231,1129,,,,,,,,,,,,j
231,1130,,,,,,,,,,,,j
231,1131,,,,,,,,,,,,j
231,1132,,,,,,,,,,,,j
231,1133,,,,,,,,,,,,j
231,,,,,,,,,,,,,
234,111,p,j,j,j,j,j,j,j,j,j,j,j
234,112,p,j,j,j,j,j,j,j,j,m,,
234,113,p,p,p,p,p,j,j,j,j,j,j,j
234,114,p,p,p,p,p,m,,,,,,
234,115,p,p,p,p,p,m,,,,,,
234,453,,,,,,,,j,m,,,
234,454,a,a,a,a,a,a,a,a,m,,,
234,455,p,a,a,a,a,m,,,,,,
234,456,,j,j,m,,,,,,,,
234,457,a,a,a,a,a,a,a,a,a,m,,
234,458,a,a,a,a,a,a,a,a,a,m,,
234,459,a,a,a,a,a,a,a,a,a,a,a,a
234,460,a,a,a,a,a,a,a,a,m,,,
234,461,a,a,a,a,a,a,a,a,m,,,
234,537,,,,,j,j,j,j,j,m,,
234,538,,,,,p,m,,,,,,
234,539,,,,,p,m,,,,,,
234,540,,,,,p,j,j,j,j,m,,
234,541,,,,,a,m,,,,,,
234,542,,,,,p,p,p,j,m,,,
234,543,,,,,p,p,p,p,j,j,j,j
234,544,,,,,p,m,,,,,,
234,545,,,,,p,p,p,j,j,j,j,j
234,546,,,,,p,p,p,m,,,,
234,547,,,,,p,p,p,j,j,m,,
234,548,,,,,p,p,p,m,,,,
234,549,,,,,p,p,p,j,j,j,j,
234,550,,,,,p,p,p,j,j,j,m,
234,551,,,,,p,m,,,,,,
234,552,,,,,p,p,p,p,j,,,
234,553,,,,,j,j,j,j,a,m,,
234,554,,,,,j,j,j,j,j,m,,
234,555,,,,,j,m,,,,,,
234,556,,,,,j,m,,,,,,
234,557,,,,,p,m,,,,,,
234,558,,,,,p,m,,,,,,
234,559,,,,,p,m,,,,,,
234,637,,,,,,,,j,j,j,j,j
234,638,,,,,,,,j,j,j,j,p
234,639,,,,,,,,,j,m,,
234,640,,,,,,,,,m,,,
234,726,,,,,,,,,j,a,a,a
234,989,,,,,,,,,,,j,j
234,990,,,,,,,,,,,j,j
234,991,,,,,,,,,,,j,j
234,1135,,,,,,,,,,,,j
234,1136,,,,,,,,,,,,a
234,1137,,,,,,,,,,,,j
234,1138,,,,,,,,,,,,a
235,116,,a,a,a,a,a,a,a,a,a,a,m
235,117,,a,a,a,a,a,a,a,a,m,,
235,134,a,a,a,a,a,a,a,a,a,a,a,j
235,135,a,a,a,a,a,a,a,a,a,a,a,j
235,136,a,a,a,a,a,a,a,a,a,a,a,j
235,137,a,a,a,a,a,m,,,,,,
235,138,j,j,j,j,j,j,j,j,j,j,j,j
235,139,a,a,a,a,a,a,a,a,a,a,a,j
235,140,,,j,j,j,a,a,a,m,,,
235,141,a,a,a,a,a,a,a,a,a,m,,
235,142,a,a,a,a,a,a,a,a,a,,,
235,143,a,a,a,a,a,a,a,a,m,,,
235,388,,,a,a,a,a,a,a,a,a,a,a
235,389,,,,a,a,a,a,a,a,a,a,a
235,441,a,a,a,a,a,a,a,a,m,,,
235,560,,,,,j,j,m,,,,,
235,561,,,,,a,a,a,a,a,a,a,a
235,727,,,,,,,,,j,m,,
235,728,,,,,,,,,a,a,a,a
235,729,,,,,,,,,a,a,a,m
235,992,,,,,,,,,,,j,m
235,993,,,,,,,,,,,j,j
243,118,,,j,a,a,a,a,a,a,a,a,a
243,119,,p,j,j,j,a,m,,,,,
243,120,,j,j,j,j,j,j,a,a,a,m,
243,140,a,a,a,a,m,,,,,,,m
243,144,a,a,a,a,a,a,a,a,a,m,,
243,145,a,a,a,a,a,a,a,a,a,a,a,m
243,146,a,a,a,a,a,a,a,a,a,a,a,m
243,147,a,a,a,a,a,a,a,a,a,a,a,j
243,148,a,a,a,a,a,a,a,a,a,a,a,j
243,149,a,a,a,a,a,a,a,a,a,a,a,m
243,150,a,a,a,a,a,a,a,m,,,,
243,151,a,a,a,a,a,a,a,a,a,a,a,a
243,152,a,a,a,a,a,a,a,a,a,a,a,a
243,153,j,j,j,j,j,j,j,j,j,j,j,m
243,154,a,a,a,a,a,a,a,a,a,a,a,m
243,155,a,a,a,a,a,a,a,a,a,a,a,a
243,156,a,a,a,a,a,a,a,a,a,a,a,a
243,157,a,a,a,a,a,a,a,a,a,a,a,m
243,158,a,a,a,a,a,a,a,a,a,a,a,a
243,159,a,a,a,a,a,a,a,a,a,a,a,a
243,160,a,a,a,a,a,a,a,a,a,a,a,a
243,161,a,a,a,a,a,a,a,a,a,a,a,a
243,162,a,a,a,a,a,a,a,a,a,a,a,a
243,163,a,a,a,a,a,a,a,a,a,a,a,a
243,164,a,a,a,a,a,a,a,a,a,a,a,a
243,165,a,a,a,a,a,a,a,a,a,a,a,a
243,166,a,a,a,a,a,a,a,a,a,a,a,a
243,247,,j,j,j,j,j,j,j,j,j,m,
243,248,,a,a,a,a,a,a,a,a,a,m,
243,354,,a,a,a,a,a,m,,,,,
243,355,,j,j,j,j,j,j,m,,,,
243,356,a,a,a,a,a,a,a,a,a,m,,
243,371,a,a,a,a,a,a,a,a,a,a,a,a
243,390,,,,j,j,a,a,m,,,,
243,391,,,,j,j,j,j,a,a,a,a,a
243,392,,,a,a,a,a,a,a,a,a,a,a
243,393,,,a,a,a,a,a,a,a,a,a,m
243,394,,,,j,j,j,j,a,a,a,a,a
243,395,,,a,a,a,a,a,a,a,a,a,a
243,396,,,,j,a,a,a,a,a,a,a,a
243,442,p,j,j,a,a,a,a,a,a,a,a,a
243,443,p,a,a,a,a,a,a,a,a,a,a,a
243,444,j,j,j,j,j,j,m,,,,,
243,445,a,a,a,a,m,,,,,,,
243,446,a,a,a,a,a,a,a,a,a,a,a,a
243,562,,,,,j,j,m,,,,,
243,563,,,,,p,j,j,m,,,,
243,564,,,,,p,j,j,j,j,a,m,
243,565,,,,,p,m,,,,,,
243,734,,,,,,,,,j,a,m,
243,735,,,,,,,,,j,m,,
243,736,,,,,,,,,j,j,m,
243,737,,,,,,,,,j,m,,
243,738,,,,,,,,,j,j,m,
243,739,,,,,,,,,j,j,m,
243,740,,,,,,,,,j,m,,
243,741,,,,,,,,,j,j,m,
243,742,,,,,,,,,j,j,j,a
243,876,,,,,,,,,,j,m,
243,877,,,,,,,,,,j,m,
243,878,,,,,,,,,,p,m,
243,879,,,,,,,,,,p,m,
243,881,,,,,,,,,,j,m,
243,882,,,,,,,,,,p,m,
243,883,,,,,,,,,,p,j,m
243,1144,,,,,,,,,,,,j
243,1145,,,,,,,,,,,,j
250,167,j,j,j,j,j,a,a,a,a,m,,
250,168,j,j,j,j,j,a,a,a,a,a,a,a
250,169,j,j,j,j,j,a,a,a,a,a,a,a
250,170,a,a,a,a,a,a,a,a,a,a,a,a
250,172,j,p,j,j,j,j,j,j,a,a,a,m
250,173,j,j,j,j,j,a,a,a,a,a,a,a
250,174,j,p,j,j,j,j,j,j,j,m,,
250,175,j,a,a,a,a,a,a,a,a,a,a,a
250,176,a,a,a,a,a,a,a,a,m,,,
250,177,a,a,a,a,a,a,a,a,a,a,,a
250,178,a,a,a,m,,,,,,,,
250,179,a,a,a,a,a,a,a,a,a,a,m,
250,180,j,j,j,j,j,a,a,a,a,m,,
250,181,j,j,j,j,j,j,j,j,j,j,j,j
250,182,j,j,j,j,j,j,j,j,j,j,j,j
250,183,j,j,j,j,j,j,a,a,a,a,a,a
250,184,j,j,j,j,j,m,,,,,,
250,185,a,a,a,a,a,m,,,,,,
250,186,a,a,a,a,a,m,,,,,,
250,187,a,a,a,a,a,a,a,a,a,a,m,
250,188,a,a,a,a,m,,,,,,,
250,189,a,a,a,a,a,a,a,a,a,a,m,
250,190,a,a,a,a,a,a,a,a,a,a,a,a
250,191,a,a,a,a,a,a,a,a,a,a,a,m
250,192,a,a,a,a,a,a,a,a,a,a,a,a
250,193,a,a,a,a,a,m,,,,,,
250,194,a,a,a,a,a,a,a,a,a,a,a,a
250,195,a,a,a,a,a,a,a,a,a,a,a,a
250,196,j,p,p,p,p,j,j,j,j,j,j,j
250,197,j,j,j,j,j,j,j,j,j,a,a,a
250,198,j,p,j,j,j,j,j,m,,,,
250,199,a,a,a,a,a,a,a,a,a,a,a,a
250,200,j,p,p,p,p,j,m,,,,,
250,201,j,j,j,j,j,j,j,j,j,a,a,a
250,202,j,j,j,j,j,a,a,a,a,a,a,a
250,203,a,a,a,a,a,a,a,a,m,,,
250,204,j,j,j,j,j,j,j,j,m,,,
250,205,a,a,a,a,a,a,a,a,a,m,,
250,206,a,a,a,a,m,,,,,,,
250,207,j,p,p,p,m,,,,,,,
250,208,j,j,a,a,a,a,a,a,a,m,,
250,209,a,a,a,a,a,a,a,a,a,a,a,a
250,210,j,j,j,j,j,j,j,a,a,a,a,a
250,211,a,a,a,a,a,a,a,a,a,a,a,a
250,212,a,a,a,a,a,a,a,a,a,a,a,
250,213,j,p,p,j,j,j,m,,,,,
250,214,j,p,j,j,j,j,j,a,a,a,a,a
250,215,j,p,j,j,j,a,a,a,a,a,a,a
250,216,j,p,p,p,p,m,,,,,,
250,217,a,a,a,a,a,a,a,a,a,a,a,a
250,218,j,j,a,a,a,a,a,m,,,,
250,219,j,j,j,j,j,j,j,j,j,m,,
250,220,j,p,j,j,j,j,j,j,j,j,j,a
250,221,a,a,a,a,a,m,,,,,,
250,222,j,j,j,j,j,j,j,j,j,j,j,j
250,223,j,j,j,j,j,m,,,,,,
250,224,j,a,a,a,a,a,a,a,a,m,,
250,225,j,p,j,j,j,j,j,a,m,,,
250,226,j,p,j,j,j,m,,,,,,
250,227,j,p,j,j,j,j,m,,,,,
250,228,j,j,j,j,j,m,,,,,,
250,229,a,a,a,a,a,a,a,a,a,a,a,a
250,397,,,,a,a,a,a,a,a,a,m,
250,398,,,,j,j,m,,,,,,
250,399,,,,j,j,j,a,a,a,a,a,a
250,400,,,,j,j,a,m,,,,,
250,486,a,a,a,a,a,a,a,a,m,,,
250,487,a,a,a,a,a,m,,,,,,
250,488,a,a,a,a,a,a,m,,,,,
250,489,a,a,a,a,a,a,a,a,m,,,
250,490,a,a,a,a,a,a,a,a,m,,,
250,491,a,m,,,,,,,,,,
250,566,,,,,j,m,,,,,,
250,567,,,,,j,a,a,a,a,a,m,
250,568,,,,,j,j,j,j,j,j,j,j
250,569,,,,,j,a,a,a,a,a,a,
250,570,,,,,j,a,a,a,a,a,a,a
250,571,,,,,j,j,a,a,a,a,a,a
250,572,,,,,a,a,a,a,a,a,a,a
250,573,,,,,j,j,j,j,j,a,a,
250,574,,,,,j,a,a,a,a,a,a,a
250,575,,,,,a,a,a,a,a,a,a,a
250,576,,,,,p,j,j,j,j,j,j,j
250,577,,,,,j,j,j,j,j,a,a,
250,578,,,,,p,j,j,j,j,j,j,j
250,579,,,,,j,j,j,a,a,a,a,a
250,580,,,,,p,m,,,,,,
250,581,,,,,p,j,j,j,m,,,
250,582,,,,,p,m,,,,,,
250,583,,,,,j,j,j,j,m,,,
250,584,,,,,p,j,j,j,j,j,j,m
250,586,,,,,p,p,m,,,,,
250,587,,,,,j,j,j,j,j,j,j,j
250,588,,,,,j,j,j,m,,,,
250,589,,,,,j,a,a,a,a,a,a,a
250,590,,,,,j,j,j,j,j,j,j,j
250,591,,,,,p,j,j,j,a,a,m,
250,592,,,,,j,a,a,a,m,,,
250,641,,,,,,j,j,j,a,a,a,a
250,642,,,,,,j,j,j,a,a,a,m
250,643,,,,,,j,j,j,a,a,m,
250,644,,,,,,j,j,j,j,j,j,j
250,645,,,,,,j,m,,,,,
250,646,,,,,,j,j,j,a,a,a,a
250,647,,,,,,p,j,j,j,j,j,j
250,648,,,,,,p,j,a,a,a,a,a
250,649,,,,,,p,j,a,m,,,
250,650,,,,,,p,m,,,,,
250,651,,,,,,j,m,,,,,
250,743,,,,,,,,,j,m,,
250,884,,,,,,,,,,a,a,a
250,885,,,,,,,,,,j,j,j
250,886,,,,,,,,,,j,,
250,887,,,,,,,,,,j,m,
250,1146,,,,,,,,,,,,a
250,1147,,,,,,,,,,,,a
250,1148,,,,,,,,,,,,j
250,1149,,,,,,,,,,,,j
255,58,,,,a,a,a,a,a,m,,,
255,59,,,a,a,a,m,,,,,,
255,60,,,a,a,a,a,a,a,a,a,a,j
255,61,,,j,j,j,m,,,,,,
255,62,,,a,a,a,a,a,a,a,a,a,a
255,63,,,a,a,a,a,a,a,a,a,a,a
255,64,,,j,j,j,j,a,a,a,a,a,a
255,65,,,a,a,a,a,a,a,a,m,,
255,321,,,a,a,a,a,a,a,m,,,
255,324,,,a,a,a,a,a,a,m,,,
255,357,,,a,a,a,a,a,a,a,a,a,m
255,358,j,p,p,j,j,j,j,m,,,,
255,359,,,p,j,j,j,j,a,a,a,a,a
255,360,,,,j,j,m,,,,,,
255,361,,,p,j,j,m,,,,,,
255,362,,,,a,a,m,,,,,,
255,363,,,m,,,,,,,,,
255,364,,,a,a,a,a,a,m,,,,
255,365,,,j,j,j,m,,,,,,
255,366,,,p,p,p,p,j,j,a,a,a,a
255,367,,,p,p,p,p,j,a,a,m,,
255,576,,,,,j,m,,,,,,
255,593,,,,,p,m,,,,,,
255,594,,,,,p,m,,,,,,
255,595,,,,,p,m,,,,,,
255,596,,,,,j,m,,,,,,
255,597,,,,,p,p,j,j,j,j,j,a
255,598,,,,,p,m,,,,,,
255,599,,,,,p,p,j,j,m,,,
255,600,,,,,p,p,j,a,m,,,
255,744,,,,,,,,,a,m,,
255,745,,,,,,,,,a,m,,
255,1150,,,,,,,,,,,,a
255,1151,,,,,,,,,,,,j
255,1152,,,,,,,,,,,,a
255,1153,,,,,,,,,,,,a
255,1154,,,,,,,,,,,,j
255,1155,,,,,,,,,,,,j
255,1156,,,,,,,,,,,,j
266,376,,,,,,,,,,j,j,j
266,377,,,,,,,,,j,j,j,j
266,378,,,,,,,,,a,a,a,a
266,746,,,,,,,,,j,m,,
266,747,,,,,,,,,j,j,j,j
266,749,,,,,,,,,,a,a,a
266,750,,,,,,,,,a,a,a,a
266,751,,,,,,,,,a,a,a,a
266,752,,,,,,,,,a,a,a,m
266,753,,,,,,,,,,j,m,
266,774,,,,,,,,,a,m,,
266,809,,,,,,,,,,a,a,a
266,810,,,,,,,,,,j,j,j
266,811,,,,,,,,,,p,m,
266,813,,,,,,,,,,p,j,j
266,814,,,,,,,,,,p,m,
266,815,,,,,,,,,,j,j,j
266,816,,,,,,,,,,j,a,a
266,817,,,,,,,,,,j,j,j
266,818,,,,,,,,,,j,j,j
266,819,,,,,,,,,,j,m,
266,820,,,,,,,,,,j,j,j
266,821,,,,,,,,,,p,m,
266,822,,,,,,,,,,j,j,m
266,823,,,,,,,,,,j,j,j
266,824,,,,,,,,,,j,j,j
266,825,,,,,,,,,,p,m,
266,826,,,,,,,,,,p,m,
266,827,,,,,,,,,,j,j,j
266,828,,,,,,,,,,p,p,p
266,829,,,,,,,,,,j,m,
266,830,,,,,,,,,,j,j,j
266,831,,,,,,,,,,j,m,
266,832,,,,,,,,,,j,m,
266,833,,,,,,,,,,j,j,j
266,834,,,,,,,,,,j,j,j
266,835,,,,,,,,,,j,j,j
266,836,,,,,,,,,,j,j,j
266,837,,,,,,,,,,j,j,j
266,838,,,,,,,,,,j,m,
266,839,,,,,,,,,,a,a,a
266,840,,,,,,,,,,j,j,j
266,841,,,,,,,,,,a,m,
266,842,,,,,,,,,,j,m,
266,843,,,,,,,,,,j,j,j
266,844,,,,,,,,,,a,a,a
266,845,,,,,,,,,,j,j,j
266,846,,,,,,,,,,p,p,j
266,847,,,,,,,,,,j,j,j
266,848,,,,,,,,,,p,m,
266,849,,,,,,,,,,p,p,j
266,850,,,,,,,,,,j,j,j
266,851,,,,,,,,,,j,j,m
266,852,,,,,,,,,,j,m,
266,853,,,,,,,,,,j,j,j
266,854,,,,,,,,,,,j,j
266,855,,,,,,,,,,p,m,p
266,856,,,,,,,,,,p,m,
266,857,,,,,,,,,,p,p,p
266,858,,,,,,,,,,j,j,j
266,859,,,,,,,,,,j,j,j
266,860,,,,,,,,,,j,j,j
266,861,,,,,,,,,,,m,
266,862,,,,,,,,,,,p,p
266,927,,,,,,,,,,,a,a
266,928,,,,,,,,,,,j,j
266,929,,,,,,,,,,,j,j
266,930,,,,,,,,,,,j,j
266,931,,,,,,,,,,,j,j
266,1177,,,,,,,,,,,,a
266,1178,,,,,,,,,,,,a
266,1179,,,,,,,,,,,,a
266,1180,,,,,,,,,,,,a
266,1181,,,,,,,,,,,,j
266,1182,,,,,,,,,,,,j
266,1183,,,,,,,,,,,,j
266,1184,,,,,,,,,,,,j
266,1185,,,,,,,,,,,,j
266,1186,,,,,,,,,,,,j
266,1187,,,,,,,,,,,,j
266,1188,,,,,,,,,,,,j
266,1189,,,,,,,,,,,,j
266,1190,,,,,,,,,,,,j
266,1191,,,,,,,,,,,,j
266,1192,,,,,,,,,,,,j
266,1193,,,,,,,,,,,,j
266,1194,,,,,,,,,,,,j
266,1195,,,,,,,,,,,,j
266,1196,,,,,,,,,,,,a
266,1197,,,,,,,,,,,,a
266,1198,,,,,,,,,,,,j
266,1199,,,,,,,,,,,,j
266,1200,,,,,,,,,,,,j
266,1201,,,,,,,,,,,,j
266,1202,,,,,,,,,,,,j
266,1203,,,,,,,,,,,,j
266,1204,,,,,,,,,,,,j
266,1205,,,,,,,,,,,,j
268,9,j,j,j,j,j,j,j,j,j,m,,
268,10,j,j,j,j,j,j,j,a,m,,,
268,11,j,j,j,j,j,m,,,,,,
268,12,j,j,a,a,a,a,a,a,m,,,
268,13,j,j,j,j,a,a,a,a,m,,,
268,14,j,a,a,a,a,a,a,a,m,,,
268,15,j,a,a,a,a,a,a,a,a,a,m,
268,16,j,a,a,a,a,a,a,a,a,a,m,
268,17,j,a,a,a,a,a,a,a,a,a,m,
268,18,a,a,a,a,a,a,a,a,m,,,
268,19,p,j,j,j,j,j,j,a,a,m,,
268,20,j,j,j,j,j,j,j,j,j,m,,
268,21,j,j,j,j,j,j,j,j,j,j,j,a
268,22,a,a,a,a,a,m,,,,,,
268,23,j,a,a,a,a,a,a,a,a,a,a,m
268,24,a,a,a,a,a,a,a,a,a,a,a,a
268,25,a,a,a,a,a,a,a,a,a,a,a,m
268,26,j,a,a,a,a,a,a,a,a,a,a,a
268,27,a,a,a,a,a,m,,,,,,
268,28,a,a,a,a,a,a,m,,,,,
268,29,j,a,a,a,a,m,,,,,,
268,30,a,a,a,a,a,a,a,a,a,a,a,a
268,31,j,a,a,a,a,a,a,a,a,a,m,
268,32,a,a,a,a,a,a,a,a,a,a,a,a
268,33,a,a,a,a,a,a,a,a,a,m,,
268,34,j,j,j,j,j,m,,,,,,
268,35,a,a,a,a,a,a,,,,,,j
268,36,p,a,a,a,a,a,a,a,a,m,,
268,37,a,a,a,a,a,m,,,,,,
268,38,a,a,a,a,a,a,a,a,m,,,
268,39,a,a,a,a,a,a,a,a,a,a,a,a
268,40,a,a,a,a,a,m,,,,,,
268,41,j,a,a,a,a,a,a,a,a,a,m,
268,42,j,a,a,a,a,m,,,,,,
268,43,a,a,a,a,a,m,,,,,,
268,44,p,j,j,j,j,j,j,j,j,m,,
268,45,p,p,j,j,j,j,j,j,j,j,j,m
268,46,p,j,a,a,a,a,a,a,a,a,a,a
268,47,a,a,a,a,a,m,,,,,,
268,48,j,j,j,j,j,m,,,,,,
268,49,a,a,a,a,a,m,,,,,,
268,50,a,a,a,a,a,a,a,a,a,a,a,a
268,51,j,j,j,a,a,a,a,a,a,a,m,
268,52,j,j,j,j,j,m,,,,,,
268,53,p,p,m,,,,,,,,,
268,54,j,j,a,a,a,a,a,a,a,a,,
268,55,p,p,p,p,p,m,,,,,,
268,56,,,,j,j,j,j,j,j,m,,
268,262,a,a,a,a,m,,,,,,,
268,380,,j,j,j,j,j,j,a,m,,,
268,405,j,j,a,a,a,a,a,a,m,,,
268,601,,,,,j,a,a,a,a,a,a,a
268,602,,,,,p,j,j,m,,,,
268,604,,,,,a,a,a,a,m,,,
268,605,,,,,a,a,a,a,a,m,,
268,606,,,,,j,j,j,j,j,j,m,
268,607,,,,,j,m,,,,,,
268,608,,,,,j,j,j,j,j,j,j,j
268,609,,,,,j,j,j,j,j,m,,
268,610,,,,,p,p,j,m,,,,
268,654,,,,,,j,j,m,,,,
268,655,,,,,,j,a,a,a,m,,
268,656,,,,,,j,j,a,m,,,
268,756,,,,,,,,,j,j,m,
268,757,,,,,,,,,a,a,a,m
268,758,,,,,,,,,j,j,j,j
268,759,,,,,,,,,j,m,,
268,760,,,,,,,,,j,j,j,m
268,761,,,,,,,,,j,j,a,a
268,762,,,,,,,,,j,j,a,m
268,802,,,,,,,,,,j,a,a
268,803,,,,,,,,,,j,a,a
268,805,,,,,,,,,,a,a,a
268,804,,,,,,,,,,,,j
268,806,,,,,,,,,,j,j,
268,807,,,,,,,,,,a,a,a
268,907,,,,,,,,,,,j,j
268,908,,,,,,,,,,,a,a
268,909,,,,,,,,,,,a,m
268,910,,,,,,,,,,,j,j
268,911,,,,,,,,,,,a,a
268,912,,,,,,,,,,,j,j
268,913,,,,,,,,,,,j,a
268,914,,,,,,,,,,,j,j
268,915,,,,,,,,,,,a,a
268,916,,,,,,,,,,,j,j
268,917,,,,,,,,,,,j,a
268,918,,,,,,,,,,,a,a
268,919,,,,,,,,,,,a,a
268,920,,,,,,,,,,,a,a
268,921,,,,,,,,,,,j,j
268,922,,,,,,,,,,,j,j
268,923,,,,,,,,,,,a,a
274,251,a,a,a,a,a,a,a,m,,,,
268,1166,,,,,,,,,,,,j
268,1167,,,,,,,,,,,,j
268,1168,,,,,,,,,,,,j
268,1169,,,,,,,,,,,,j
268,1170,,,,,,,,,,,,a
268,1171,,,,,,,,,,,,a
274,252,a,a,a,a,a,a,a,a,a,a,a,a
274,253,a,a,a,a,a,a,a,a,a,a,a,a
274,254,a,a,a,a,a,a,a,a,a,a,m,
274,903,,,,,,,,,,,j,
274,904,,,,,,,,,,,j,m
274,905,,,,,,,,,,,j,j
274,906,,,,,,,,,,,j,j
274,1164,,,,,,,,,,,,j
,1165,,,,,,,,,,,,p
275,1,a,a,a,a,a,a,a,a,a,a,a,a
275,2,j,a,a,a,a,a,a,a,a,a,a,a
275,3,p,a,a,a,a,a,a,a,a,a,a,
275,4,j,j,j,j,j,a,a,a,a,a,a,a
275,5,a,a,a,a,a,a,a,a,a,a,a,a
275,6,a,a,a,a,a,a,a,a,a,m,,
275,7,p,j,j,j,j,a,a,a,a,a,a,
275,8,j,j,a,a,a,a,a,a,a,a,a,a
275,255,a,a,a,a,a,a,a,a,a,m,,
275,256,j,a,a,a,a,a,a,a,a,a,a,a
275,257,a,a,a,a,a,a,a,a,a,a,a,a
275,258,a,a,a,a,a,a,a,a,m,,,
275,259,a,a,a,a,a,a,m,,,,,
275,763,,,,,,,,,j,j,a,a
275,764,,,,,,,,,j,j,a,a
275,765,,,,,,,,,j,j,j,a
275,766,,,,,,,,,a,a,a,a
275,800,,,,,,,,,,j,j,j
275,801,,,,,,,,,,a,a,a
275,900,,,,,,,,,,,j,a
275,901,,,,,,,,,,,j,j
275,902,,,,,,,,,,,a,a
275,1156,,,,,,,,,,,,j
275,1157,,,,,,,,,,,,j
275,1158,,,,,,,,,,,,j
275,1159,,,,,,,,,,,,j
275,1160,,,,,,,,,,,,j
275,1161,,,,,,,,,,,,j
275,1162,,,,,,,,,,,,j
275,1163,,,,,,,,,,,,j
904,75,a,a,a,a,a,a,a,a,a,a,m,
904,76,a,a,a,a,a,a,a,a,a,a,a,a
904,77,a,a,a,a,a,a,a,a,a,m,,
904,78,a,a,a,a,a,a,a,a,a,a,a,a
904,79,a,a,a,a,a,a,a,a,a,a,a,a
904,80,a,a,a,a,a,a,a,a,a,a,a,a
904,81,a,a,a,a,a,a,a,a,m,,,
904,82,j,p,j,j,j,a,a,a,m,,,
904,83,a,a,a,a,a,a,a,a,a,a,m,
904,84,a,a,a,a,a,a,a,a,m,,,
904,85,a,a,a,a,a,a,a,a,a,a,a,a
904,86,a,a,a,a,a,a,a,a,m,,,
904,87,a,a,a,a,a,a,a,a,a,a,a,a
904,88,j,p,p,p,p,j,j,j,j,j,j,j
904,234,a,a,a,a,a,a,a,a,a,a,a,a
904,329,a,a,a,a,a,a,a,a,a,m,,
904,330,j,m,,,,,,,,,,
904,331,a,a,a,a,a,a,a,a,a,a,m,
904,382,,,,j,j,j,j,j,j,j,j,m
904,403,,,,j,j,j,j,j,j,j,m,
904,404,j,j,j,j,j,j,j,j,j,j,j,j
904,499,,,,p,j,a,a,a,m,,,
904,504,,,,,p,j,m,,,,,
904,612,,,,,,p,j,j,m,,,
904,613,,,,,,j,j,a,a,a,a,m
904,658,,,,,,,,,j,j,j,m
904,659,,,,,,,,,a,a,a,a
904,660,,,,,,,,,j,m,,
904,661,,,,,,,,,j,j,m,
904,662,,,,,,,,,a,a,m,
904,820,,,,,,,,,,a,a,a
904,821,,,,,,,,,,a,a,m
904,985,,,,,,,,,,,j,m
905,99,j,p,p,j,a,m,,,,,,
904,1107,,,,,,,,,,,,j
904,1108,,,,,,,,,,,,a
904,1109,,,,,,,,,,,,j
904,1110,,,,,,,,,,,,a
905,100,j,j,j,j,j,j,j,a,m,,,
905,101,j,j,j,j,j,a,a,m,,,,
905,102,a,a,a,a,a,a,a,a,a,m,,
905,103,a,a,a,a,a,a,a,m,,,,
905,104,a,a,a,a,a,a,a,a,a,m,,
905,105,a,a,a,a,a,a,a,a,m,,,
905,106,a,a,a,a,a,a,a,m,,,,
905,107,j,a,a,a,a,a,a,a,m,,,
905,108,a,a,a,a,a,a,a,a,m,,,
905,109,j,j,j,j,a,a,a,a,a,m,,
905,121,j,m,,,,,,,,,,
905,359,a,a,a,a,a,a,m,,,,,
905,360,a,a,a,a,a,a,a,m,,,,
905,361,,a,a,a,a,a,a,m,,,,
905,362,,j,j,a,a,m,,,,,,
905,363,a,a,a,a,a,a,a,m,,,,
905,364,a,a,m,,,,,,,,,
905,365,j,j,j,j,j,m,,,,,,
905,366,a,a,a,a,a,m,,,,,,
905,367,j,j,j,j,j,m,,,,,,
905,368,a,a,a,a,a,a,a,a,a,m,,
905,369,j,m,,,,,,,,,,
905,370,a,a,a,a,a,a,a,a,m,,,
905,371,,a,m,,,,,,,,,
905,372,a,a,m,,,,,,,,,
905,373,j,j,j,a,a,a,a,a,m,,,
905,374,a,a,a,a,a,a,a,a,a,m,,
905,375,a,a,a,a,a,a,m,,,,,
905,376,a,a,a,a,a,m,,,,,,
905,377,a,a,a,a,a,a,m,,,,,
905,378,j,a,a,a,m,,,,,,,
905,403,a,m,,,,,,,,,,
905,463,,,,a,a,m,,,,,,
905,464,,,,p,m,,,,,,,
905,497,a,a,a,a,a,a,m,,,,,
905,501,,,,j,j,m,,,,,,
905,507,,,,,p,m,,,,,,
905,508,,,,,p,p,,,,,,
905,509,,,,,p,m,,,,,,
905,510,,,,,j,a,a,a,m,,,
905,616,,,,,,p,j,j,m,,,
905,617,,,,,,p,m,,,,,
905,618,,,,,,p,j,j,m,,,
905,619,,,,,,p,m,,,,,
905,620,,,,,,p,m,,,,,
905,621,,,,,,p,m,,,,,
905,622,,,,,,p,j,m,,,,
905,623,,,,,,p,m,,,,,
905,624,,,,,,p,j,m,,,,
905,625,,,,,,j,j,j,j,m,,
905,626,,,,,,p,j,m,,,,
905,627,,,,,,p,j,j,j,m,,
905,628,,,,,,j,j,m,,,,
905,630,,,,,,p,j,j,m,,,
905,631,,,,,,p,j,m,,,,
905,632,,,,,,p,j,j,j,m,,
905,633,,,,,,p,j,m,,,,
905,662,,,,,,,,,j,m,,
905,664,,,,,,,,,j,m,,
906,363,,,,,,,j,m,,,,
906,379,a,a,a,a,a,a,m,,,,,
906,380,a,a,a,a,a,m,,,,,,
906,381,a,a,a,a,a,m,,,,,,
906,382,j,a,a,a,a,a,m,,,,,
906,383,,j,j,a,a,a,a,a,a,a,m,
906,384,a,a,a,a,a,m,,,,,,
906,385,a,m,,,,,,,,,,
906,386,a,a,m,,,,,,,,,
906,387,a,a,a,a,a,a,a,a,a,a,a,a
906,388,a,a,a,a,a,a,a,a,m,,,
906,389,j,a,a,a,a,m,,,,,,
906,390,a,a,a,a,a,a,a,a,a,a,m,
906,391,j,a,a,a,a,a,a,a,a,a,a,a
906,392,a,a,a,a,a,a,a,a,a,a,a,m
906,393,a,a,a,a,a,a,m,,,,,
906,394,a,a,a,a,a,m,,,,,,
906,395,a,a,a,a,a,a,a,m,,,,
906,396,a,a,a,a,a,a,a,m,,,,
906,397,a,a,a,a,a,a,m,,,,,
906,398,j,j,a,a,m,,,,,,,
906,399,a,a,a,a,a,a,a,a,a,,,
906,400,a,a,a,a,a,m,,,,,,
906,401,a,a,a,a,a,a,a,a,a,a,a,a
906,402,a,a,a,a,a,m,,,,,,
906,462,,,,j,j,m,,,,,,
906,467,,,,,a,a,a,a,a,a,a,m
906,511,,,,,p,p,p,j,m,,,
906,512,,,,,p,p,j,m,,,,
906,614,,,,,,p,m,,,,,
906,615,,,,,,p,m,,,,,
906,620,,,,,,p,m,,,,,
906,621,,,,,,p,m,,,,,
906,676,,,,,,,,,j,a,a,
906,678,,,,,,,,,p,m,,
906,679,,,,,,,,,p,p,j,m
906,680,,,,,,,,,p,p,p,p
906,681,,,,,,,,,p,m,,
906,682,,,,,,,,,p,p,j,j
906,1114,,,,,,,,,,,,p
906,1115,,,,,,,,,,,,j
907,404,,j,j,j,j,m,,,,,,
907,405,,j,j,a,a,a,a,a,m,,,
907,406,a,a,a,a,a,a,m,,,,,
907,407,a,a,a,a,a,a,a,a,a,a,a,m
907,408,a,a,a,a,a,a,a,m,,,,
907,409,a,a,a,a,a,m,,,,,,
907,410,a,a,a,a,a,a,a,a,a,m,,
907,411,a,m,,,,,,,,,,
907,412,j,j,a,a,a,a,a,a,a,a,a,a
907,413,j,j,a,a,a,a,a,a,a,m,,
907,414,a,a,a,a,a,a,a,a,a,m,,
907,415,a,a,a,a,m,,,,,,,
907,416,a,a,a,a,a,a,a,m,,,,
907,417,a,a,a,a,a,a,a,a,a,m,,
907,418,a,a,a,a,a,a,a,a,m,,,
907,419,a,a,a,a,a,a,a,a,a,a,a,a
907,420,a,a,a,a,a,a,m,,,,,
907,421,a,a,a,a,a,m,,,,,,
907,422,a,a,a,a,a,a,a,a,a,a,a,a
907,423,a,a,a,a,a,a,a,a,a,m,,
907,424,a,a,a,a,a,a,a,a,a,a,a,a
907,425,a,a,a,a,a,a,a,m,,,,
907,426,j,m,,,,,,,,,,
907,513,,,,,p,p,m,,,,,
907,986,,,,,,,,,,,j,
907,987,,,,,,,,,,,j,j
908,431,a,a,a,a,a,a,m,,,,,
908,432,a,a,a,a,a,a,m,,,,,
908,433,a,a,a,a,a,a,a,a,a,a,a,a
908,434,j,j,j,j,j,a,m,,,,,
908,438,a,a,a,a,a,a,m,,,,,
908,439,p,m,,,,,,,,,,
908,440,a,a,a,a,a,a,a,a,a,m,,
908,683,,,,,,,,,a,a,a,a
908,685,,,,,,,,,p,j,j,m
908,686,,,,,,,,,j,j,m,
908,687,,,,,,,,,a,m,,
908,688,,,,,,,,,j,j,j,j
908,689,,,,,,,,,p,j,m,
908,690,,,,,,,,,p,j,j,j
908,691,,,,,,,,,p,m,,
908,692,,,,,,,,,p,j,j,j
908,694,,,,,,,,,p,m,,
908,695,,,,,,,,,j,m,,
908,697,,,,,,,,,j,m,,
908,698,,,,,,,,,j,j,j,j
908,826,,,,,,,,,,j,j,j
908,827,,,,,,,,,,j,j,j
908,828,,,,,,,,,,j,j,m
908,829,,,,,,,,,,j,j,m
908,830,,,,,,,,,,j,m,
908,831,,,,,,,,,,j,j,j
908,832,,,,,,,,,,j,j,j
908,833,,,,,,,,,,j,j,j
908,834,,,,,,,,,,a,a,m
908,835,,,,,,,,,,j,j,m
908,836,,,,,,,,,,j,j,j
908,988,,,,,,,,,,,j,j
908,1122,,,,,,,,,,,,j
908,1123,,,,,,,,,,,,j
908,1124,,,,,,,,,,,,j
908,1125,,,,,,,,,,,,j
908,1126,,,,,,,,,,,,p
911,447,a,a,a,a,a,a,a,a,a,a,a,a
911,448,a,a,a,a,a,a,a,a,a,a,a,a
911,449,a,a,a,a,a,a,a,a,a,a,a,a
911,450,a,a,a,a,a,a,a,a,a,m,,
911,451,j,j,j,j,j,a,a,a,a,a,a,a
911,452,a,a,a,a,a,m,,,,,,
911,453,a,a,a,a,a,m,,,,,,
911,730,,,,,,,,,j,j,j,j
911,731,,,,,,,,,j,m,,
911,732,,,,,,,,,j,j,j,j
911,837,,,,,,,,,,j,j,j
911,838,,,,,,,,,,a,a,a
911,839,,,,,,,,,,j,j,a
911,840,,,,,,,,,,j,j,j
911,841,,,,,,,,,,j,j,m
911,842,,,,,,,,,,j,j,m
911,843,,,,,,,,,,j,j,j
911,844,,,,,,,,,,j,j,j
911,845,,,,,,,,,,j,j,m
911,846,,,,,,,,,,j,j,j
911,847,,,,,,,,,,j,j,a
911,848,,,,,,,,,,j,j,j
911,849,,,,,,,,,,j,j,j
911,850,,,,,,,,,,j,j,j
911,851,,,,,,,,,,j,j,j
911,852,,,,,,,,,,j,j,j
911,853,,,,,,,,,,p,j,j
911,854,,,,,,,,,,p,m,
911,855,,,,,,,,,,j,j,m
911,856,,,,,,,,,,j,j,j
911,857,,,,,,,,,,j,j,j
911,858,,,,,,,,,,p,j,j
911,859,,,,,,,,,,p,j,j
911,860,,,,,,,,,,j,j,j
911,861,,,,,,,,,,j,j,j
911,862,,,,,,,,,,p,j,j
911,863,,,,,,,,,,p,j,j
911,864,,,,,,,,,,p,j,j
911,865,,,,,,,,,,p,j,j
911,866,,,,,,,,,,j,m,
911,867,,,,,,,,,,p,j,m
911,868,,,,,,,,,,p,j,m
911,869,,,,,,,,,,p,m,
911,870,,,,,,,,,,p,j,j
911,871,,,,,,,,,,j,j,j
911,872,,,,,,,,,,j,m,
911,873,,,,,,,,,,p,j,m
911,874,,,,,,,,,,j,j,j
911,875,,,,,,,,,,j,m,
911,994,,,,,,,,,,,j,j
911,1139,,,,,,,,,,,,j
911,1140,,,,,,,,,,,,j
911,1141,,,,,,,,,,,,j
911,1142,,,,,,,,,,,,j
911,1143,,,,,,,,,,,,j
913,468,,,,,a,a,a,a,a,m,,
913,492,a,a,a,a,a,a,m,,,,,
913,493,a,a,a,a,a,a,a,m,,,,
913,494,a,a,a,a,a,a,a,m,,,,
913,495,a,a,a,a,a,a,a,a,a,m,,
913,496,a,a,a,a,a,a,m,,,,,
913,888,,,,,,,,,,j,j,j
913,889,,,,,,,,,,p,p,j
913,890,,,,,,,,,,j,j,j
914,57,,,a,a,a,a,a,a,a,a,a,a
914,278,j,j,j,a,a,a,a,a,a,a,a,a
914,279,a,a,a,a,a,a,a,m,,,,
914,280,a,a,a,a,a,a,a,a,a,a,,a
914,281,j,j,j,j,j,j,a,a,a,a,m,j
914,282,j,m,,,,,,,,,,
914,283,a,m,,,,,,,,,,
914,284,a,m,,,,,,,,,,
914,285,j,a,a,m,,,,,,,,
914,286,a,a,a,a,a,m,,,,,,
914,287,p,j,j,j,j,j,a,a,a,a,a,j
914,288,a,m,,,,,,,,,,
914,289,,j,m,,,,,,,,,
914,289,p,j,j,m,,,,,,,,
914,290,a,a,a,a,a,a,a,a,a,m,,
914,291,a,a,a,a,a,a,a,a,a,a,a,j
914,292,a,m,,,,,,,,,,
914,652,,,,,,p,m,,,,,
914,653,,,,,,p,p,j,j,m,,
914,754,,,,,,,,,j,j,j,j
914,755,,,,,,,,,j,j,a,a
914,924,,,,,,,,,,,j,j
914,925,,,,,,,,,,,j,j
914,926,,,,,,,,,,,j,j
,1174,,,,,,,,,,,,j
,1172,,,,,,,,,,,,j
,1173,,,,,,,,,,,,j
,1175,,,,,,,,,,,,j
,1176,,,,,,,,,,,,j
915,264,a,m,,,,,,,,,,
915,265,j,j,j,j,j,j,a,a,a,m,,
915,266,a,m,,,,,,,,,,
915,267,a,a,a,a,a,m,,,,,,
915,268,j,a,a,a,a,m,,,,,,
915,270,a,m,,,,,,,,,,
915,271,a,a,a,a,a,m,,,,,,
915,272,j,a,a,a,m,,,,,,,
915,273,a,a,a,a,a,m,,,,,,
915,274,a,a,m,,,,,,,,,
915,275,j,a,a,a,a,m,,,,,,
915,276,a,a,m,,,,,,,,,
915,277,a,a,a,a,a,m,,,,,,
915,521,,,,,,,,,j,m,,
915,526,,,,,,,,,j,m,,
916,260,a,a,a,a,a,a,a,a,a,a,,
916,261,a,a,a,a,a,a,a,a,m,,,
916,263,a,m,,,,,,,,,,
916,753,,,,,,,,,j,m,,
926,303,a,a,a,a,a,a,m,,,,,
926,305,j,j,j,j,m,,,,,,,
926,306,,,,,a,a,a,a,m,,,
926,309,,,,,a,m,,,,,,
926,310,,,,,,m,,,,,,
926,313,,,,,j,m,,,,,,
926,314,,,,,j,m,,,,,,
926,315,a,a,a,a,a,a,a,a,m,,,
926,316,a,a,a,a,a,a,a,a,m,,,
926,317,j,a,a,a,a,a,a,a,a,m,,
926,318,p,j,j,j,j,a,a,m,,,,
926,381,,,a,a,a,a,m,,,,,
926,466,,p,p,p,j,j,a,a,a,m,,
926,478,,,,,,j,m,,,,,
926,479,,,,,,a,a,a,a,,,
926,480,,,,,,j,j,a,a,,,
926,481,,,,,,a,a,m,,,,
926,482,,,,,,j,a,a,m,,,
926,483,,a,a,a,a,a,a,m,,,,
926,487,,,,,,,,,j,m,,
926,498,,p,j,j,j,j,j,j,j,m,,
926,499,,p,p,p,j,j,m,,,,,